<meta>
    <info name="Init" author="Chenko" type="gamemode" />
	
	<!-- Door Manager -->
	<include resource="doormanager" />
	
	<assembly ref="MongoDB.Bson.dll"/>
	<assembly ref="MongoDB.Driver.dll"/>
	<assembly ref="MongoDB.Driver.Core.dll"/>
	<assembly ref="System.Runtime.InteropServices.RuntimeInformation.dll"/>
	
	<!-- MAIN script with all *.cs files. -->
	<script src="../bin/Debug/RoleplayServer.dll" type="server" lang="compiled"/>
	
	<!-- BANK -->
	<script src="rp_scripts/BankMenu.js" type="client" lang="javascript"/>
	
	<!-- PLAYER -->	
	<script src="player_manager/PlayerManager.js" type="client" lang="javascript"/>
	<script src="player_manager/player_interaction/PlayerInteraction.js" type="client" lang="javascript"/>
	<file src="player_manager/player_interaction/PlayerInteraction.html"/>
	<script src="player_manager/player_list/PlayerList.js" type="client" lang="javascript"/>
	<file src="player_manager/player_list/PlayerList.html" />
	<script src="player_manager/login/LoginManager.js" type="client" lang="javascript"/>
	<file src="player_manager/login/Login.html"/>
	<script src="player_manager/CharacterMenu.js" type="client" lang="javascript"/>
  <script src="player_manager/Helpmenu.js" type="client" lang="javascript"/>
  
	<!-- JOBS -->
	<script src="job_manager/JobManager.js" type="client" lang="javascript"/>
	<script src="job_manager/taxi/TaxiJob.js" type="client" lang="javascript"/>
	<script src="job_manager/fisher/Fisher.js" type="client" lang="javascript"/>
	
	<!-- VEHICLE -->
	<script src="vehicle_manager/VehicleMenu.js" type="client" lang="javascript"/>
	<script src="vehicle_manager/vehicle_editor/VehicleEdit.js" type="client" lang="javascript"/>
	<file src="vehicle_manager/vehicle_editor/VehicleEdit.html"/>
	
	<!-- Dealership/Ownership -->
	<script src="vehicle_dealership/vehicledealer.js" type="client" lang="javascript"/>
	<script src="vehicle_manager/VehicleOwnership.js" type="client" lang="javascript"/>
  
  <!-- Bag System-->
  <script src="inventory/InventoryManager.js" type="client" lang="javascript"/>
  <file src="inventory/ManageInv.html"/>
  
	<!-- CEF  -->
	<file src="stylesheet/css/metro.css"/>
	<file src="stylesheet/css/metro-schemes.css"/>
	<file src="stylesheet/js/metro.js"/>
	<file src="jquery.js"/>
	<file src="stylesheet/fonts/metro.ttf"/>
	<file src="stylesheet/fonts/housescript.woff"/>
	<file src="stylesheet/fonts/housescript.woff2"/>
	<file src="stylesheet/css/metro-icons.css"/>

  <!-- Phone Files -->
  <script src="phone_manager/PhoneManager.js" type="client" lang="javascript"/>
  <file src="phone_manager/gui/main.html"/>
	<file src="phone_manager/gui/main.css"/>
	<file src="phone_manager/gui/main.js"/>
  <file src="phone_manager/gui/phone-base.png"/>
  <!-- Apps -->
  <file src="phone_manager/gui/apps/dialpad.html"/>
  <file src="phone_manager/gui/apps/contacts.html"/>
  <file src="phone_manager/gui/apps/mail.html"/>
  
	<!-- CORE -->
	<file src="cef_resources/MTGVRP_LOGO_BIG.png"/>
	<file src="cef_resources/MTGVRP_LOGO_SMALL.png"/>
	
	
	<file src="jquery.js" />
</meta>